{
  "mode": "baseline",
  "accuracy": 0.8867425322532654,
  "subgroup_gap": 0.034286492374727695,
  "flip_rate": 0.051482479784366576,
  "flips": 191,
  "n_identity": 3710,
  "per_subgroup": {
    "neutral": {
      "acc": 0.8845588235294117,
      "n": 36720
    },
    "male": {
      "acc": 0.9188453159041394,
      "n": 1836
    },
    "female": {
      "acc": 0.8984597832287508,
      "n": 1753
    },
    "name-only": {
      "acc": 0.9158050221565731,
      "n": 677
    }
  },
  "epochs": 5,
  "seed": 11711
}