{
  "mode": "cda",
  "accuracy": 0.8857531547546387,
  "subgroup_gap": 0.027641612200435706,
  "flip_rate": 0.01752021563342318,
  "flips": 65,
  "n_identity": 3710,
  "per_subgroup": {
    "neutral": {
      "acc": 0.8841230936819172,
      "n": 36720
    },
    "male": {
      "acc": 0.9117647058823529,
      "n": 1836
    },
    "female": {
      "acc": 0.8847689674843126,
      "n": 1753
    },
    "name-only": {
      "acc": 0.9113737075332349,
      "n": 677
    }
  },
  "epochs": 5,
  "seed": 11711
}