{
  "mode": "cda_reg",
  "accuracy": 0.8892901539802551,
  "subgroup_gap": 0.02682791728212708,
  "flip_rate": 0.015902964959568732,
  "flips": 59,
  "n_identity": 3710,
  "per_subgroup": {
    "neutral": {
      "acc": 0.8875,
      "n": 36720
    },
    "male": {
      "acc": 0.9106753812636166,
      "n": 1836
    },
    "female": {
      "acc": 0.8950370792926412,
      "n": 1753
    },
    "name-only": {
      "acc": 0.914327917282127,
      "n": 677
    }
  },
  "epochs": 5,
  "seed": 11711
}