{
  "mode": "cda_reg",
  "accuracy": 0.8892901539802551,
  "subgroup_gap": 0.13244833308191284,
  "flip_rate": 0.015902964959568732,
  "flips": 59,
  "n_identity": 3710,
  "per_subgroup": {
    "neutral": {
      "acc": 0.8875,
      "n": 36720
    },
    "male": {
      "acc": 0.9181626187961985,
      "n": 1894
    },
    "female": {
      "acc": 0.8991869918699187,
      "n": 1230
    },
    "name-only": {
      "acc": 0.7857142857142857,
      "n": 14
    }
  },
  "epochs": 5,
  "seed": 11711
}